id,name,image_url,created_at,updated_at
8,Luna Rogahn,https://robohash.org/idfugavero.png?size=300x300&set=set1,42:34.4,42:34.4
20,Leatha Blick,https://robohash.org/enimsaepeminus.png?size=300x300&set=set1,43:34.7,43:34.7
60,Jonas Batz,https://robohash.org/ducimusassumendaadipisci.png?size=300x300&set=set1,47:12.7,47:12.7
1,Dulce Corkery,https://robohash.org/cumqueautquia.png?size=300x300&set=set1,41:52.5,41:52.5
15,Florine Kuhic Sr.,https://robohash.org/odioullamipsum.png?size=300x300&set=set1,43:09.4,43:09.4
25,Gail Stehr,https://robohash.org/doloresfacilisest.png?size=300x300&set=set1,44:02.6,44:02.6
63,Miss Charlene Hilpert,https://robohash.org/idautaccusantium.png?size=300x300&set=set1,47:30.5,47:30.5
31,Hipolito Stark,https://robohash.org/natusreiciendiseos.png?size=300x300&set=set1,44:36.7,44:36.7
24,Brant Lang Jr.,https://robohash.org/omnisetaut.png?size=300x300&set=set1,43:55.5,43:55.5
26,Dayne Becker,https://robohash.org/facilisomniscum.png?size=300x300&set=set1,44:08.8,44:08.8
33,Geovany Crist,https://robohash.org/inquiiure.png?size=300x300&set=set1,44:48.4,44:48.4
10,Davonte Pfannerstill,https://robohash.org/repudiandaeiurequo.png?size=300x300&set=set1,42:43.5,42:43.5
35,Shana Bednar,https://robohash.org/istenonsequi.png?size=300x300&set=set1,44:58.9,44:58.9
48,Lucas Fahey,https://robohash.org/ineumquibusdam.png?size=300x300&set=set1,46:08.4,46:08.4
5,Lindsey Durgan,https://robohash.org/sintexfacilis.png?size=300x300&set=set1,42:15.9,42:15.9
53,Yvette Farrell,https://robohash.org/eainconsectetur.png?size=300x300&set=set1,46:34.7,46:34.7
50,Ms. Syble Swift,https://robohash.org/providentsimiliquequibusdam.png?size=300x300&set=set1,46:20.3,46:20.3
4,Ms. Morton Stehr,https://robohash.org/optionamquis.png?size=300x300&set=set1,42:09.7,42:09.7
7,Sienna Collier,https://robohash.org/autemquiamolestiae.png?size=300x300&set=set1,42:28.4,42:28.4
14,Meaghan Johnson,https://robohash.org/estfugitreiciendis.png?size=300x300&set=set1,43:04.1,43:04.1
54,Pansy Wisozk III,https://robohash.org/etnondolores.png?size=300x300&set=set1,46:40.2,46:40.2
61,Murphy Schiller,https://robohash.org/quidemdolorvoluptatem.png?size=300x300&set=set1,47:18.0,47:18.0
17,Javon Zulauf,https://robohash.org/ullamrepudiandaeminus.png?size=300x300&set=set1,43:18.7,43:18.7
51,Lottie Greenfelder,https://robohash.org/dolorquaeratquos.png?size=300x300&set=set1,46:25.0,46:25.0
16,Roberta Nader,https://robohash.org/teneturveritatisquaerat.png?size=300x300&set=set1,43:13.3,43:13.3
36,Ms. Jedediah Tillman,https://robohash.org/inciduntnemoveritatis.png?size=300x300&set=set1,45:03.2,45:03.2
19,Dr. Rafael Koepp,https://robohash.org/omniseanihil.png?size=300x300&set=set1,43:29.5,43:29.5
55,Hilma Collins PhD,https://robohash.org/deseruntfacilisquibusdam.png?size=300x300&set=set1,46:44.2,46:44.2
64,Nick Weimann,https://robohash.org/fugiatcumquevoluptatum.png?size=300x300&set=set1,47:35.8,47:35.8
37,Clinton Barton,https://robohash.org/quiasolutadistinctio.png?size=300x300&set=set1,45:09.7,45:09.7
40,Pierce Veum,https://robohash.org/voluptasadet.png?size=300x300&set=set1,45:28.1,45:28.1
45,Otho Feeney,https://robohash.org/pariatursunttenetur.png?size=300x300&set=set1,45:53.8,45:53.8
65,Hannah Nienow,https://robohash.org/possimusilloassumenda.png?size=300x300&set=set1,47:42.5,47:42.5
74,Braeden Reichel,https://robohash.org/corporisnemoest.png?size=300x300&set=set1,48:37.6,48:37.6
3,Mrs. Nels Jacobi,https://robohash.org/quiapraesentiumeos.png?size=300x300&set=set1,42:03.6,42:03.6
52,Mrs. Evert Windler,https://robohash.org/eumitaquevoluptate.png?size=300x300&set=set1,46:29.4,46:29.4
57,Mireya Hilll,https://robohash.org/reiciendisvitaeeum.png?size=300x300&set=set1,46:54.5,46:54.5
62,Lessie Durgan,https://robohash.org/ullamvoluptatemmolestias.png?size=300x300&set=set1,47:25.3,47:25.3
28,Mr. Pamela Wisozk,https://robohash.org/ullamplaceataut.png?size=300x300&set=set1,44:19.3,44:19.3
46,Kailyn Volkman,https://robohash.org/quamvoluptastenetur.png?size=300x300&set=set1,45:57.8,45:57.8
6,Maximo Hegmann,https://robohash.org/aliquamreprehenderitdolor.png?size=300x300&set=set1,42:22.4,42:22.4
38,Yvette Bailey,https://robohash.org/veritatisarchitectoest.png?size=300x300&set=set1,45:15.3,45:15.3
66,Miss Estevan Gibson,https://robohash.org/eosinventoredelectus.png?size=300x300&set=set1,47:48.4,47:48.4
71,Jameson Powlowski,https://robohash.org/rerumilloquaerat.png?size=300x300&set=set1,48:17.5,48:17.5
73,Ruben Stamm,https://robohash.org/inciduntminusvitae.png?size=300x300&set=set1,48:29.7,48:29.7
21,Zoie McGlynn,https://robohash.org/explicaboconsequaturaccusamus.png?size=300x300&set=set1,43:39.9,43:39.9
34,Idell Terry,https://robohash.org/itaqueminimarerum.png?size=300x300&set=set1,44:54.3,44:54.3
70,Daren Schultz Sr.,https://robohash.org/etadcum.png?size=300x300&set=set1,48:11.1,48:11.1
39,Curtis Raynor,https://robohash.org/enimvoluptasveniam.png?size=300x300&set=set1,45:21.2,45:21.2
49,Rachel Mayer,https://robohash.org/rerumsitsunt.png?size=300x300&set=set1,46:14.3,46:14.3
13,Luis Dach,https://robohash.org/sedvoluptatemmolestiae.png?size=300x300&set=set1,42:56.9,42:56.9
43,Rachel Funk,https://robohash.org/optioquiearum.png?size=300x300&set=set1,45:44.7,45:44.7
56,Johanna Armstrong DVM,https://robohash.org/voluptatesdoloromnis.png?size=300x300&set=set1,46:49.8,46:49.8
2,Jamir Larkin,https://robohash.org/teneturiureducimus.png?size=300x300&set=set1,41:57.1,41:57.1
32,Bryce Cronin,https://robohash.org/liberosequiautem.png?size=300x300&set=set1,44:41.8,44:41.8
47,Jamal Jacobi,https://robohash.org/fugiatvoluptateullam.png?size=300x300&set=set1,46:02.5,46:02.5
27,Andy Ernser,https://robohash.org/errormagniqui.png?size=300x300&set=set1,44:13.2,44:13.2
58,Al Lindgren III,https://robohash.org/eumrepellendussit.png?size=300x300&set=set1,47:01.0,47:01.0
41,Velda Howe,https://robohash.org/officiacorporisplaceat.png?size=300x300&set=set1,45:32.8,45:32.8
42,Liana Jenkins,https://robohash.org/autmaximeet.png?size=300x300&set=set1,45:37.9,45:37.9
9,Miss Harold Cormier,https://robohash.org/quodrepellenduseos.png?size=300x300&set=set1,42:39.0,42:39.0
23,Pierce Mohr II,https://robohash.org/veritatisnisiut.png?size=300x300&set=set1,43:51.3,43:51.3
30,Darby Lang Jr.,https://robohash.org/distinctioteneturnobis.png?size=300x300&set=set1,44:31.9,44:31.9
22,Onie Lockman,https://robohash.org/aliquidquibusdamvelit.png?size=300x300&set=set1,43:45.4,43:45.4
59,Chaz Lowe,https://robohash.org/explicaboutmolestiae.png?size=300x300&set=set1,47:07.7,47:07.7
72,Dr. Rebeca Doyle,https://robohash.org/dictaearumplaceat.png?size=300x300&set=set1,48:24.8,48:24.8
11,Virginie Conroy,https://robohash.org/quieligendinon.png?size=300x300&set=set1,42:48.4,42:48.4
12,Mr. Leonardo Koelpin,https://robohash.org/possimusomnisautem.png?size=300x300&set=set1,42:52.6,42:52.6
29,Beverly Hoeger,https://robohash.org/exestsequi.png?size=300x300&set=set1,44:25.3,44:25.3
69,Marcelina Roberts,https://robohash.org/sedatatque.png?size=300x300&set=set1,48:06.2,48:06.2
18,Ms. Darwin Homenick,https://robohash.org/ipsumplaceatcorporis.png?size=300x300&set=set1,43:22.7,43:22.7
44,Lesly Daugherty,https://robohash.org/voluptatemaliquameos.png?size=300x300&set=set1,45:49.5,45:49.5
67,Consuelo Douglas,https://robohash.org/nihilnemoaspernatur.png?size=300x300&set=set1,47:53.6,47:53.6
68,Carol Leuschke,https://robohash.org/facilisipsamsunt.png?size=300x300&set=set1,47:59.2,47:59.2
75,Dr. Darien Kohler,https://robohash.org/quidemvoluptasassumenda.png?size=300x300&set=set1,48:44.2,48:44.2
